逻辑学导论 ; 黄华新, 张则幸编著:2006-10-13
黑格尔辩证法讲演录 ; = Lectures on Hegel's Dialectic ; 邓晓芒著:2006-10-20
我是北大留级生 ; 拾得一把金钥匙的故事 ; 赵鑫珊:2006-10-20
唐宋词名篇讲演录 ; 王兆鹏著:2006-10-30
辛弃疾词选 ; 辛更儒选注:2006-10-30
数学演义 ; 王树禾著:2006-10-08
先驱者的足迹 ; 高等数学的形成 ; 李晓奇编著:2006-10-8
电影欣赏与英语学习 ; = Appreciating films and learning english ; 主编韩晓玲, 张弘:2006-11-10
Understanding poetry = 理解诗歌 /:2006-11-13
爱因斯坦的年代 ; 纪念“相对论”发表100周年 ; 任之编著:2006-11-13
人间鲁迅 ; 上卷 ; 林贤治著:2006-11-13
做派 ; 肖鹏著:2006-11-18
慢 ; (捷) 米兰·昆德拉 ; = La lenteur ; Milan Kundera ; 马振骋译:2006-11-25
瓦尔登湖 ; = Walden ; (美) 梭罗 ; 编译田颖, 朱春飞:2006-11-25
黑格尔 ; 之前和之后 ; 黑格尔思想历史导论 ; (美) 汤姆·罗克摩尔著 ; = Hegel ; before and after ; a historical introduction to Hegel's thought ; Tom Rockmore ; 柯小刚译:2006-11-26
觅渡 ; 梁衡著:2006-11-26
第22条军规 ; = Catch-22 ; (美国) 约瑟夫·海勒著 ; 扬恝, 程爱民, 邹惠玲译:2006-11-30
造纸工业英语文选 ; 钟香驹编译:2006-11-6
微积分之屠龙宝刀 ; 笑傲极限、连续、导数、积分法 ; = How to ace calculus ; the streetwise guide ; (美) C.亚当斯, J.哈斯, A.汤普森著 ; 张菽译:2006-11-9
春醪集 ; 「五四」最美的散文 ; 粱遇春著:2006-12-10
胡适选集 ; 欧阳哲生编:2006-12-10
苇间风 ; (爱尔兰) 威廉·巴特勒·叶芝著 ; = The wind among the reeds ; W. B. Yeats ; 李立玮译:2006-12-10
鲁迅散文全编 ; 张秀枫编选:2006-12-15
普林斯顿的幽灵 ; 纳什传 ; (美) 西尔维娅·娜萨著 ; 王尔山译:2006-12-15
大学英语四级考试完全攻略 ; = College English Band-4 ; 陈龙梅, 申丕编著:2006-12-17
给诺贝尔一个理由 ; 诺贝尔文学奖获奖演说精选 ; 穆易编选:2006-12-17
英语正音绝招 ; 曹首光编著:2006-12-17
微积分 ; 题型归类·方法点拨·考研辅导 ; 马菊侠主编:2006-12-19
叶芝 ; = W. B. Yeats ; M. M. Liammoir, E.Boland ; 连摩尔, 伯蓝著 ; 刘蕴芳译:2006-12-21
A tale of two cities /:2006-12-22
基督山伯爵 ; 上 ; (法) 大仲马著 ; 王义杰译:2006-12-22
北欧现代诗选 ; = Anthology of nordic modern poetry ; 北岛译:2006-12-23
大学化学题典 ; 主编樊行雪:2006-12-25
塔楼之诗 ; (德) 荷尔德林著 ; 先刚译:2006-12-27
Aha! Insight ; = 啊哈, 灵机一动 ; (美) 马丁·伽德纳著 ; 胡作玄评点:2006-12-29
什么是数学 ; = What is mathematics ; 对思想和方法的基本研究 ; (美) R·柯朗, H·罗宾著 ; I·斯图尔特修订 ; 左平, 张饴慈译:2006-12-29
General chemistry = 化学概论 /:2006-12-4
数学的美与理 ; 张顺燕编著:2006-12-4
微积分 ; (美) M. R. 施皮格尔著 ; 施建兵 ... [等] 译:2006-12-4
活不明白 ; 孙睿著:2006-12-7
檀香刑 ; 莫言著:2006-12-7
大地上的悲悯 ; 摩罗著:2006-12-9
宽容 ; = Tolerance ; (美) 房龙著 ; 秦立彦, 冯士新译:2006-9-21
其实你不懂广东人 ; 叶曙明著:2006-9-21
书生意气 ; 易中天著:2006-9-21
无言之美 ; 朱光潜著:2006-9-21
异端的权利 ; 苍蝇撼大象的战争 ; = The right to heresy ; (奥地利) 斯蒂芬·茨威格著 ; 张澜译:2006-9-21
自由之路 ; (英) 伯特兰·罗素著 ; = Roads to freedom ; Bertrand Russell:2006-9-21
昨日的世界 ; = Die Welt von Gestern ; 茨威格自传 ; (奥地利) 斯蒂芬·茨威格著 ; 汀兰译:2006-9-25
李敖语萃 ; 李敖著:2007-1-12
The Great Gatsby ; =了不起的盖茨比 ; (美) F. 司各特·菲茨杰拉德:2007-1-14
苏东坡说禅 ; 师雅惠编著 ; (清) 担当禅师插图:2007-1-14
苏轼诗词选 ; 孔凡礼, 刘尚荣选注:2007-1-14
滚石10年黄金歌选 ; = Rolling stone music ten years ; 殷亮选编:2007-1-17
诗论 ; 朱光潜撰:2007-1-21
瓦尔登湖 ; = Waiden ; (美) 亨利·戴维·梭罗著 ; 徐迟译:2007-1-22
像心理学家一样思考 ; = Thinking like a psychologist ; 杨雁捷著:2007-1-22
法语一日一词 ; 胡宗荣编著:2007-1-3
双城记 ; (英国) 查尔斯·狄更斯著 ; 马瑞洁译:2007-1-3
外研社实用英汉词典 ; = FLTRP Practical English-Chinese Dictionary:2007-1-4
生活在别处 ; 米兰·昆德拉 ; = La vie est ailleurs ; Milan Kundera ; 袁筱一译:2007-1-7
苇间风 ; (爱尔兰) 威廉·巴特勒·叶芝著 ; = The wind among the reeds ; W. B. Yeats ; 李立玮译:2007-1-7
我存在着我努力着 ; 钱理群著:2007-1-7
成功创业研究 ; = A study of successful entrepreneurship ; 郑冉冉编著:2007-10-11
伊利亚随笔选 ; = Essays of Elia ; (英) 查尔斯·兰姆著 ; 刘炳善译:2007-10-12
简爱 ; (英) 夏洛蒂·勃朗特著 ; 吴钧燮译:2007-10-14
两个幸运的人 ; 弗里德曼回忆录 ; (美) 米尔顿·弗里德曼, 罗斯·弗里德曼著 ; = Two lucky people ; memoirs ; Milton and Rose D. Friedman ; 韩莉, 韩晓雯译:2007-10-14
The World & I:2007-10-18
二八法则记单词 ; CET-6 ; 大学英语四六级考题研究组编著:2007-10-20
论怀疑者 ; (丹) 克利马科斯 (克尔凯郭尔) 著 ; 陆兴华, 翁绍军译:2007-10-20
????世说新语??·的名士风度 ; 胡友鸣编著:2007-10-23
病隙碎笔 ; 史铁生著:2007-10-23
虚土 ; 刘亮程著:2007-10-23
戈尔巴乔夫回忆录 ; 全译本 ; 上册 ; (俄) 米·谢·戈尔巴乔夫著 ; 述弢 ... [等] 译:2007-10-28
自由的历程 ; 美利坚图史 ; (美) 乔伊·哈克姆著 ; 焦晓菊译:2007-10-28
爱你就像爱生命 ; 王小波, 李银河著:2007-10-8
诗经 ; (春秋) 孔子编订:2007-10-8
名篇词例选说 ; 葉嘉莹著:2007-11-12
为自由招魂:2007-11-12
Political writings = 梭罗政治著作选 /:2007-11-14
口语的革命 ; 美国口语超级学习法 ; = Follow the intuition ; 郝彬编著:2007-11-14
美国名人演讲听力赏析 ; “空中美语”编委会编著:2007-11-14
Selections from classics of Western economics = 西方经济学经典名著选读 /:2007-11-17
大学物理解题方法与技巧 ; 胡盘新编著:2007-11-17
怎样解题 ; 数学教学法的新面貌 ; (美) G. 波利亚著 ; 涂泓, 冯承天译:2007-11-17
顾随说禅 ; 顾随著:2007-11-20
林语堂散文经典全编 ; [4] ; [林语堂著]:2007-11-20
别看我 看路 ; 迟宇宙著 ; 罗健摄影:2007-11-23
草叶集 ; = Leaves of grass ; (美) 瓦尔特·惠特曼著 ; 徐翰林译:2007-11-26
政治经济学及赋税原理 ; = On the principles of political economy and taxation ; (英) 大卫·李嘉图著 ; 周洁译:2007-11-26
水月风花 ; 鼓浪屿 ; 文任中亚 ; 图Air:2007-11-28
美国黑色幽默小说欣赏 ; = Black humor in American fiction ; a reader with interpretation ; 周静琼编著:2007-11-3
诗人哲学家 ; 周国平主编:2007-11-3
自由的铁笼 ; 哈耶克传 ; = Hayek ; the iron cage of liberty ; (英) 安德鲁·甘布尔著 ; 王晓冬, 朱之江译:2007-11-3
Understanding poetry = 理解诗歌 /:2007-11-5
吉他弹唱新体验 ; 许巍与羽泉弹唱专集 ; 乐海主编:2007-11-5
克聋英语3000短句 ; = Mastering 3000 catchy sentences ; 黄奇虎主编:2007-11-5
七步成章写作文 ; 主编陈莹莹, 杨恩华:2007-11-5
在北大课堂读诗 ; 洪子诚主编:2007-11-5
怎样赏析诗歌 ; = How to interpret poetry ; 原著Laurie E. Rozakis ; 译编陈兵:2007-11-5
口语的革命 ; 美国口语超级学习法 ; = Follow the intuition ; 郝彬编著:2007-11-8
全息记录材料 ; 史密斯(Smith,H.M.)编 ; 马春荣等译:2007-12-10
全息照相术的原理及实验 ; (日)松下昭,(日)平井纪光著 ; 孙万林,王宏成译:2007-12-10
一个世纪儿的忏悔 ; = La confession d'un enfant du siecle ; (法) 缪塞著 ; 陆秉慧译:2007-12-11
幽梦影 ; 林语堂译:2007-12-11
大学英语六级考试阅读理解120篇 ; 主编茅风华:2007-12-15
西方经济学 ; 宏观部分 ; = Macroeconomics ; 赵英军主编:2007-12-15
西方经济学习题集 ; = Student workbook for economics ; 赵英军主编:2007-12-15
财务管理 ; 秦志敏主编:2007-12-16
人力资源管理精要 ; (美) 加里·戴斯勒著 ; = A framework for human resource management ; Gary Dessler ; 张炜译:2007-12-16
市场营销学 ; 苗月新主编:2007-12-16
唐宋词一百首 ; 许渊冲选译:2007-12-16
西湖七月半 ; 林语堂译:2007-12-16
要塞 ; (法) 安东尼·德·圣埃克苏佩里著 ; = Saint Exupery ; 马振聘译:2007-12-16
天堂玫瑰 ; (英) 著者伊丽莎白·巴雷特·勃朗宁, 罗伯特·勃朗宁, 弗吉尼亚·吴尔夫 ; 深幻, 王立译:2007-12-17
寻找薛定谔的猫 ; 量子物理和真实性 ; (英) 约翰·R·格利宾著 ; 张广才 ... [等] 译:2007-12-17
光荣的荆棘路 ; (丹麦) 汉斯·克里斯蒂安·安徒生著 ; = The thorny road of honor ; Hans Christian Andersen ; 谢惟枫译:2007-12-19
博尔赫斯全集 ; = Jorge Luis Borges obras completas ; 诗歌卷 ; 上 ; (阿根廷) 豪·路·博尔赫斯著 ; 王永年, 林之木译:2007-12-21
张爱玲典藏全集 ; [7] ; 中短篇小说 ; 1943年作品:2007-12-21
于坚的诗 ; 于坚著:2007-12-23
概率论与数理统计习题课教程 ; 李忠范, 杨荣, 张静编著:2007-12-24
生命是什么 ; = What is life ; (奥) 埃尔温·薛定谔著 ; 罗来鸥, 罗辽复译:2007-12-24
电影讲稿 ; 徐葆耕著:2007-12-28
你好, 忧愁 ; (法) 弗朗索瓦丝·萨冈著 ; = Bonjour tristesse ; Francoise Sagan ; 余中先等译:2007-12-28
日瓦戈医生 ; (苏联) 鲍·帕斯捷尔纳克著 ; 蓝英年, 张秉衡译:2007-12-28
英语翻译教程 ; 英汉·汉英 ; 编著温秀颖 ... [等]:2007-12-28
通过阅读学词汇 ; 六级篇 ; 主编李寄:2007-12-3
费曼讲物理 ; 相对论 ; (美) R. P. 费曼著 ; 周国荣译:2007-12-4
宽容 ; = Tolerance ; (美) 亨德里克·威廉·房龙著 ; 徐舟译:2007-12-4
大学英语六级词汇串联记忆 ; 主编王长喜:2007-12-7
三少爷的剑:2007-12-7
大学英语六级考试精选阅读120篇 ; 主编罗立胜:2007-12-8
现代西方经济学原理考试大纲及习题 ; 段文斌主编:2007-12-8
中国纸和印刷文化史 ; = Chinese paper and printing ; a cultural history ; 钱存训著 ; 郑如斯编订:2007-3-14
相得益彰英语读写互动 ; 浩瀚, 林涛, 徐继宁编著:2007-3-29
对联新语 ; 陆家骥编著:2007-3-3
翻译 ; 思考与试笔 ; 王佐良著:2007-3-3
汉英对比与翻译中的转换 ; = C-E contrastive studies and the transformation in translation ; 周志培著:2007-3-3
米兰·昆德拉传 ; 高兴著:2007-3-3
世说新语 ; 刘义庆著 ; 任晓彤, 韩晶译注 ; 王婷配画:2007-3-3
线性代数 (人大·第三版) ; 导教·导学·导考 ; 张博主编:2007-3-3
译艺 ; = English and chinese translations contrasted with their originals ; 英汉汉英双向笔译 ; 陈文伯编著:2007-3-3
笛子流行风 ; 郑振鸣编著:2007-3-31
微积分通用辅导讲义 ; 刘坤林 ... [等] 编著:2007-3-31
飞鸟集 ; = Stray birds ; (印) 罗宾德拉纳德·泰戈尔著 ; 徐翰林译:2007-3-6
野火集 ; 龙应台著:2007-3-6
中国人的道德前景 ; 茅于轼著:2007-3-7
Moment in peking ; = 京华烟云:2007-3-8
笛子入门 ; 主编乐夫 ; 编著周可奇:2007-3-9
优美笛子曲 ; 主编乐夫 ; 编著郑振鸣:2007-3-9
沈从文经典作品 ; 边城 ; 传奇不奇:2007-4-13
唐宋词名篇讲演录 ; 王兆鹏著:2007-4-17
有机结构理论 ; 杨善中编:2007-4-2
电子技术完全实践 ; (美) 汤姆·彼德鲁德利斯著 ; 张宝玲, 董启雄, 李晓波译:2007-4-25
英国诗选 ; = An Anthology of English Verse ; 注释本 ; 王佐良主编:2007-4-25
大历史不会萎缩 ; (美) 黄仁宇著:2007-4-27
70天大事记 ; 胡耀邦病逝到赵紫阳解职 ; 共青团北京市委编:2007-4-30
中国当代“精英”的真面目 ; 施友编:2007-4-30
神曲 ; = DIvinacommedia ; 地狱篇 ; (意) 但丁著 ; 张曙光译:2007-4-8
艺术复仇 ; 残雪文学笔记 ; 残雪著:2007-4-8
中国现代思想史论 ; 李泽厚:2007-4-8
表达自由 ; 美国宪法第一修正案研究 ; 邱小平著:2007-5-11
青春 ; (南非) J. M. 库切著 ; = Youth ; scenes from provincial life Ⅱ ; J. M. Coetzee ; 王家湘译:2007-5-11
政治与英语 ; (英) 乔治·奥威尔著 ; = Politics and the English language ; George Orwell ; 郭妍俪译:2007-5-12
时间 ; 里德伯斯编 ; = Time ; K. Ridderbos ; 章邵增译:2007-5-14
英语写作案例教程 ; = Case studies in English writing ; 王墨希, 肖福寿主编:2007-5-15
天涯·明月·刀:2007-5-17
Macmillan English dictionary for advanced learners of American English = 麦克米伦高阶美语词典.:2007-5-18
面面俱到口译教程 ; = Comprehensive interpretation ; 1 ; 郭岱宗著:2007-5-21
二十世纪俄罗斯流亡诗选 ; = Русская поэзия XX века в изгнании ; 上册 ; 汪剑钊译:2007-5-23
卓有成效的管理者 ; = The effective executive ; 中英文双语典藏版 ; (美) 彼得·德鲁克著 ; 许是祥译:2007-5-25
A collection of Qian Zhongshu's English essays = 钱钟书英文文集.:2007-5-27
正在眼前的事物 ; = Right in front of your eyes ; 散文 ; 于坚著:2007-5-27
逝去的大学 ; 谢泳, 智效民等著:2007-5-29
围城内外 ; 钱钟书的文学世界 ; = Inside and outside a fortress besieged ; a study of Qian Zhongshu's literary world ; 陆文虎著:2007-5-29
中国大学十讲 ; 陈平原著:2007-5-29
手把手教你四六级作文 ; 包凡一编著:2007-5-31
在酒楼上 伤逝 阿金 ; 鲁迅著 ; 钱理群选编:2007-5-31
密码学概论 ; (美) Wade Trappe, Lawrence C.Washington著 ; 邹红霞, 许鹏文, 李勇奇译:2007-5-4
博尔赫斯全集 ; = Jorge Luis Borges obras completas ; 小说卷 ; (阿根廷) 豪·路·博尔赫斯著 ; 王永年, 陈泉译:2007-5-8
不服从的江湖 ; 王怡著:2007-6-14
伟大的中国革命 ; 1800-1985年 ; 费正清著 ; = The great Chinese revolution ; John King Fairbank ; 刘尊棋译:2007-6-16
中国人的道德前景 ; 茅于轼著:2007-6-18
约翰·克里斯托夫 ; 上 ; (法) 罗曼·罗兰著 ; 许渊冲译:2007-6-19
中国现代文学史 ; 程光炜 ... [等] 主编:2007-6-19
数学与知识的探求 ; = Mathematics and the search for knowledge ; (美) M·克莱因著 ; 刘志勇译:2007-6-27
边城浪子 ; 上:2007-6-29
有机化学习题精解 ; 廖慧编:2007-6-3
有机化学典型题解析与实战模拟 ; 湛建阶编著:2007-6-4
永恒的自语 ; 张炜著:2007-6-5
哲学研究 ; (英) 路德维希·维特根斯坦著 ; 陈嘉映译:2007-6-5
笑傲江湖 ; 二 ; 金庸著 ; 冯其庸评点:2007-7-13
笑傲江湖 ; 四 ; 金庸著 ; 冯其庸评点:2007-7-13
自由之路 ; (英) 伯特兰·罗素著 ; = Roads to freedom ; Bertrand Russell:2007-7-13
Flash 8中文版实用教程 ; 方晨编著:2007-7-14
实用法语语法 ; 精讲与练习 ; = Grammaire pratique du francais ; Commentaires et exercices ; 主编张晶:2007-7-14
小王子 ; (法) 圣爱克苏佩里著 ; 胥戈译:2007-7-14
诗歌与人生 ; 丁启阵著:2007-7-25
法语初学手册 ; 张慧娟译:2007-7-27
日瓦戈医生 ; (苏联) 鲍·帕斯捷尔纳克著 ; 蓝英年, 张秉衡译:2007-7-27
情人 ; (法) 玛格丽特·杜拉斯著 ; 王道乾, 南山译:2007-7-3
情人 ; L'AMANT ; (法)杜拉斯著 ; 颜保译:2007-7-3
基础法语一学就会 ; = Francis fondamental ; 陈玉琳编著:2007-7-30
于坚的诗 ; 于坚著:2007-7-30
法汉翻译教程 ; 陈宗宝编著:2007-7-5
读经济学书 ; 梁小民著:2007-9-10
弗里德曼的生活经济学 ; (美) 戴维·弗里德曼著 ; = Hidden order ; the economics of everyday life ; David Friedman ; 赵学凯, 王建中, 施丽南译:2007-9-10
资本主义与自由 ; (美) 米尔顿·弗里德曼著 ; 张瑞玉译:2007-9-10
鲁迅作品十五讲 ; 钱理群著:2007-9-17
面面俱到口译教程 ; = Comprehensive interpretation ; 1 ; 郭岱宗著:2007-9-17
译事余墨 ; 苏福忠著:2007-9-17
哲学与人生 ; 傅佩荣著:2007-9-17
鲁迅选集 ; 插图本 ; 杂感卷 ; 林贤治评注:2007-9-22
微积分之屠龙宝刀 ; 笑傲极限、连续、导数、积分法 ; = How to ace calculus ; the streetwise guide ; (美) C.亚当斯, J.哈斯, A.汤普森著 ; 张菽译:2007-9-25
English for exhibition and convention ; = 会展英语 ; 主编王铮:2007-9-29
朗文商务致胜英语会话 ; = Speaking for modern business ; Grahame T Bilbow, PhD:2007-9-29
费恩曼物理学讲义 ; 第2卷 ; (美) 费恩曼, 莱顿, 桑兹著 ; = The feynman lectures on physics ; Volume II ; R. P. Feynman, R. B. Leighton, M. Sands ; 李洪芳, 王子辅, 钟万蘅译:2007-9-3
经济白话 ; 茅于轼著:2007-9-3
精编法语口语入门 ; = Entree libre du francais parle ; 周正言编著:2007-9-3
电子商务英语 ; 王冰, 胡桃, 王岩编著:2007-9-30
那些忧伤的年轻人 ; 许知远著:2007-9-30
Deux ans de vacances ; = 两年的假期 ; 儒勒·凡尔纳著 ; 顾元芬译注:2007-9-9
菲茨杰拉德短篇小说选 ; = Selected stories of F.S.Fitzgerald ; 爵士乐时代的代言人 ; 吴樯译:2008-1-11
跟邓小平学领导方法 ; 陈冠任著:2008-1-11
资本论 ; 第二卷 ; 马克思 ; 中共中央马克思恩格斯列宁斯大林著作编译局译:2008-1-11
Understanding poetry = 理解诗歌 /:2008-1-13
A glossary of literary terms = 文学术语汇编 /:2008-1-18
湖滨散记 ; (美) 梭罗著 ; 孟祥森译:2008-1-18
实用英语德语比较语法 ; = A Practical and comparative english-german grammar ; = Eine praktische und komparative englisch-deutsche grammatik ; 芦力军编著:2008-1-18
英汉翻译基础教程 ; = A basic textbook for EC translation ; 方梦之编著:2008-1-18
英汉名篇名译 ; 朱明炬，谢少华，吴万伟编著:2008-1-18
储安平与《观察》 ; 谢泳著:2008-1-2
像艺术家一样的思考 ; (美) 贝蒂·艾德华著 ; 张索娃译:2008-1-2
新编美国文学选读 ; 李公昭主编:2008-1-2
法律与文学 ; 理查德·A·波斯纳著 ; = Law and literature ; Richard A. Posner ; 李国庆译:2008-1-4
李锐反“左”文选 ; 李锐著:2008-1-4
Galerie de portraits contemporains /:2008-1-9
印象派绘画史 ; = The history of impressionism ; 上册 ; (美) 约翰·雷华德著 ; 平野, 殷鉴, 甲丰译:2008-10-11
猜想与反驳 ; 科学知识的增长 ; =Conjectures and refutations ; the growth scientific knowledge ; (英)卡尔·波普尔著 ; 傅季重 ... [等] 译:2008-10-14
生命之爱 ; (美) 埃里希·弗罗姆著 ; [王大鹏译]:2008-10-14
逃避自由 ; (美) 埃里希·弗罗姆著:2008-10-18
契诃夫短篇小说选 ; (俄) 契诃夫著 ; 汝龙译:2008-10-21
胡适文集 ; 2 ; 胡适文存 ; 欧阳哲生编:2008-10-6
学者的人间情怀 ; 跨世纪的文化选择 ; 陈平原著:2008-10-7
世界上最优美的散文 ; = The most beautiful proses in the world ; 千年沧桑锻造出的不朽篇章 百年风雨涤荡出的优美文字 ; (美) 亨利·大卫·梭罗等著 ; 徐翰林编译:2008-11-14
瓦尔登湖 ; [英文版] ; (美) 亨利·大卫·梭罗[著] ; = Walden ; Henry David Thoreau:2008-11-22
读史阅世六十年 ; 何炳棣著:2008-11-28
胡适文集 ; 3 ; 胡适文存二集 ; 欧阳哲生编:2008-11-28
诗经讲义稿 ; 傅斯年著:2008-11-29
GRE写作5.5 ; ISSUE篇 ; 李建林编著:2008-11-8
法文文法讲义 ; 宋亚克编著:2008-11-8
路德文集 ; = Luther's works ; 第一卷 ; 改革运动文献 ; 路德文集中文版编辑委员会编 ; 总主编伍渭文, 雷雨田 ; 本卷主编 伍渭文:2008-11-8
新教伦理与资本主义精神 ; = Die protestantische ethik undder geist des kapitalismus ; 马克斯·韦伯著 ; 于晓, 陈维纲等译:2008-11-8
自由选择 ; (美) 米尔顿·弗里德曼, 罗丝·弗里德曼著 ; = Free to choose  a personal statement ; Milton Friedman, Rose Friedman ; 张琦译:2008-12-15
现代操作系统 ; = Modern operating systems ; (荷) Andrew S. Tanenbaum著 ; 陈向群, 马洪兵等译:2008-12-22
Adobe PageMaker排版艺术 ; 雷波编著:2008-12-26
周作人自编文集 ; 雨天的书 ; 周作人著:2008-12-4
开放的思想和社会 ; = Popper Selections ; 波普尔思想精粹 ; (英) 戴维·米勒编 ; 张之沧译:2008-12-8
比天空更广阔的 ; 何怀宏著:2008-2-26
公民社会的诞生 ; 肖雪慧著:2008-2-26
社会契约论, 一名, 政治权利的原理 ; (法) 卢梭著 ; 何兆武译:2008-2-26
制度分析基础讲义 ; I ; 自然与制度 ; 汪丁丁著:2008-2-26
美语语音训练 ; (美) 李文编著 ; = Dr. Lee's Boot Camp Pronunciation Training ; Hedy W. Lee ; 李恒平译:2008-3-10
拉康选集 ; (法) 拉康著 ; 褚孝泉译:2008-3-15
守望的距离 ; 周国平著:2008-3-2
思维的乐趣 ; 王小波著:2008-3-2
人类命运攸关的时辰 ; = Sternstunden der Menschheit ; (奥地利) 斯蒂芬·茨威格著 ; 潘子立译:2008-3-23
铁皮鼓 ; = Die blechtrommel ; (德) 君特·格拉斯著 ; 胡其鼎译:2008-3-23
我的哲学的发展 ; (英) 伯特兰·罗素著 ; 温锡增译:2008-3-23
小王子 ; (法) 圣爱克苏佩里著 ; 胥戈译:2008-3-23
自由的逻辑 ; (英) 迈克尔·博兰尼著 ; = The logic of liberty ; Michael Polanyi ; 冯银江, 李雪茹译:2008-3-23
Good news Bible  today's English Version.:2008-3-4
当代大学德语 ; 1 ; 学生用书 ; 主编梁敏, 聂黎曦 (德) ; = Studienweg Deutsch ; kursbuch:2008-3-4
植物纤维化学 ; 陈国符等主编:2008-3-4
德语发音一学就会 ; = Deutsche austrache ; 杜毅夫, Max Müller编著:2008-3-8
美国公民与宪法 ; = We the people ; the citizen and the constitution ; 纪念美国宪法颁布200周年委员会编 ; 劳娃, 许旭译:2008-3-8
美国赖以立国的文本 ; = Words that make America great:2008-3-8
体制迷墙 ; 大学问题高端访问 ; 对话者熊丙奇:2008-3-8
英汉翻译入门 ; = Approach to translation between English and Chinese ; 陈德彰编著:2008-3-8
法语 ; 1 ; = Le Francais ; 马晓宏, 柳利编著:2008-4-13
金蔷薇 ; = Golden roses ; (苏) К.巴乌斯托夫斯基著 ; 李时，薛菲译:2008-4-16
像唐诗一样生活 ; 中国人心灵栖居的诗意追寻 ; 冉云飞著:2008-4-16
告别中世纪 ; 五四文献选粹与解读 ; 袁伟时编著:2008-4-26
制度分析基础讲义 ; 2 ; 社会思想与制度 ; 汪丁丁著:2008-4-26
触摸历史与进入五四 ; 陈平原著:2008-4-27
The complete Sherlock Holmes /:2008-4-6
思想与方法 ; 殷海光选集 ; 殷海光著 ; 贺照田编:2008-4-6
被背叛的遗嘱 ; 米兰·昆德拉 ; = Les testaments trahis ; Milan Kunsera ; 余中先译:2008-5-12
《中国现代文学三十年》学习指导 ; 温儒敏编著:2008-5-15
法英对比 法语TEF考试必考词汇超常速记 ; 周正言, 常海亮编著:2008-5-15
英语文选菁华 ; = Selected Readings in English ; 白杨编著:2008-5-15
非常道 ; 1840-1999的中国话语 ; 余世存著:2008-5-18
西方的智慧 ; 插图本 ; (英) 伯特兰·罗素著 ; = Wisdom of the west ; Bertrand Russell:2008-5-21
新闻写作与报道训练教程 ; (美) 卡罗尔·里奇著 ; = Writing and reporting news ; a coaching method ; Carole Rich ; 钟新主译:2008-5-23
大学英语四级词汇串联记忆 ; 主编王长喜:2008-5-28
哈姆莱特 ; = Hamlet ; (英) 莎士比亚著 ; 朱生豪译:2008-5-3
康德哲学讲演录 ; 邓晓芒著:2008-5-3
未发现的自我  寻求灵魂的现代人 ; (瑞士)卡尔·古斯塔夫·荣格著 ; [张敦福,赵蕾译]:2008-5-5
隐蔽的秩序 ; 拆解历史弈局 ; 吴思著:2008-5-5
郁达夫作品 ; 二 ; 郁达夫著:2008-5-5
从未描述过的梦境 ; 残雪短篇小说全集 ; 残雪著:2008-6-10
大学精神档案 ; 古代卷 ; 主编何光沪 ... [等]:2008-6-10
胡适论教育 ; 季蒙, 谢泳选编:2008-6-15
剑桥国际商务英语 ; 学生用书 ; (英)琼斯(Jones,L.),(英)亚历山大(Alexander,R.)著:2008-6-15
新版剑桥商务英语教程 ; 商务英语的沟通技巧 ; 学生用书 ; (英) Sarah Jones-Macziola, Greg White著:2008-6-15
大学精神档案 ; 当代卷 ; 主编何光沪 ... [等]:2008-6-27
对话语文 ; 钱理群, 孙绍振著:2008-6-27
艰难的日出 ; 中国现代教育的20世纪 ; 杨东平主撰:2008-6-27
中国现代小说史 ; =A history of modern Chinese fiction ; 夏志清著 ; 刘绍铭 ... [等] 译:2008-6-27
Understanding fiction = 理解小说 /:2008-6-4
残雪文学观 ; 残雪著:2008-6-4
西洋百首名曲详解 ; 人民音乐出版社编辑部编:2008-6-4
人类梦史 ; (美) 安东尼·史蒂文斯著 ; 杨晋译:2008-7-23
新闻评论案例 ; 思维训练与实战分析 ; 马少华, 刘洪珍编著:2008-7-23
英译汉名篇赏析 ; = A study of translation masterpieces from English into Chinese ; 李亚丹主编:2008-7-23
逻辑新引  怎样判别是非 ; 殷海光著:2008-7-25
灰理论基础 ; 邓聚龙著:2008-7-6
The art of editing /:2008-8-29
版式设计原理 ; (日) 佐佐木刚士著 ; 武湛译:2008-8-29
九三年 ; (法) 雨果著 ; 郑永慧译:2008-8-29
没有后门的教室 ; 人类学随谈录 ; 王铭铭著:2008-8-29
探索潜意识 ; 深层分析的新途径 ; (英) 乔治·弗兰克尔著 ; = Exploring the unconscious ; new pathways in depth analysis ; George Frankl ; 华微风译:2008-8-29
张爱玲典藏全集 ; 1 ; 长篇小说 ; 半生缘 ; 张爱玲著:2008-8-29
制浆造纸过程自动测量与控制 ; 刘焕彬主编:2008-9-1
现代学人与学术 ; 沈志佳编:2008-9-12
现代诗经 ; 伊沙选编:2008-9-17
史家陈寅恪传 ; 汪荣祖著:2008-9-23
Writing essays about literature  a guide and style sheet = 文学解读和论文写作 指南与范例 /:2008-9-28
中国文学论丛 ; 钱穆著:2008-9-28
个人主义与经济秩序 ; (英) F. A. 冯·哈耶克著 ; 邓正来译:2009-1-16
康德著作全集 ; = Kants werke akademie textausgabe ; 第5卷 ; 实践理性批判 判断力批判 ; 李秋零主编:2009-1-16
旁观者 ; 管理大师德鲁克回忆录 ; (美) 彼得·德鲁克著 ; 廖月娟译:2009-1-16
Essays of elia /:2009-1-18
经济学基础文献选读 ; = The essential readings in economics ; 罗卫东编选:2009-10-25
宏观经济学 ; (美) 罗伯特·巴罗著 ; = Macroeconomics ; Robert J. Barro ; 原毅军, 任曙明等译:2009-10-8
新闻中的经济学 ; 宏观经济学精要 ; (美) 彼得·肯尼迪著 ; = understanding economics in the news ; Macroeconomic essentials ; Peter Kennedy ; 高传胜, 陈祖华, 周晓艳译:2009-10-8
西方经济学 ; 宏观部分 ; 组编教育部高教司 ; 主编高鸿业 ; 编写者刘文忻 ... [等]:2009-11-15
Macroeconomics = 宏观经济学 /:2009-11-16
全国名校经济学考研真题详解 ; 非北京院校 ; 主编金圣才:2009-11-19
Writing analytically /:2009-11-28
近代中国史纲 ; 郭廷以著:2009-11-28
范里安《微观经济学 现代观点》 (第6版) 笔记和课后习题详解 ; 金圣才主编:2009-11-6
Sonnets from the portuguese /:2009-11-7
当代废纸制浆技术 ; 陈庆蔚主编:2009-11-9
宏观经济学 ; (美) 多恩布什, 费希尔, 斯塔兹著 ; = Macroeconomics ; Rudiger Dornbusch, Stanley Fischer, Richard Startz ; 范家骧 ... [等] 译:2009-12-18
云雀叫了一整天 ; 木心:2009-12-19
价格理论 ; (美) 弗里德曼(Friedman,M.)著 ; 鲁晓龙等译:2009-12-23
极权主义的起源 ; 汉娜·阿伦特著 ; = The origins of totalitarianism ; Hannah Arendt ; 林骧华译:2009-12-25
素履之往 ; 木心:2009-12-9
英语笔译实务 ; 三级 ; 主编张春柏:2009-2-24
英汉翻译 技巧示例 ; 毛荣贵, 范武邱编著:2009-3-12
批判的思考 ; = Critical thinking ; (美) 布鲁克·摩尔, 理查德·帕克著 ; 余飞, 谢友倩译:2009-3-17
经济学思想史讲义 ; 汪丁丁:2009-3-20
人与国家 ; 夏中义主编:2009-3-20
呼啸山庄 ; (英) 爱米丽·勃朗特著 ; 张玲, 张扬译:2009-3-27
李长之书评 ; 壹 ; 伍杰, 王鸿雁编:2009-3-3
什么是世界一流大学? ; = On university reform and development ; 丁学良著:2009-3-3
剑桥中华民国史 ; 1912-1949 ; 下卷 ; = Republican China, 1912-1949 ; (美) 费正清, 费维恺编 ; 刘敬坤 ... [等] 译:2009-3-31
思痛录 ; 韦君宜著:2009-3-31
《华尔街日报》是如何讲故事的 ; = Thw art and craft of feature writing ; (美) 威廉·E. 布隆代尔 ; 徐扬译:2009-3-4
十四行诗 ; = The sonnets ; (英) 莎士比亚著 ; 艾梅译:2009-3-5
法槌十七声 ; 西方名案沉思录 ; 萧瀚著:2009-4-14
俄罗斯文学肖像 ; 乌兰汗译作选 ; 诗歌卷:2009-4-18
中国现代文学经典 ; 1917-2000 ; 2 ; 朱栋霖主编:2009-4-21
突破平面 ; PageMaker版式设计与制作深度剖析 ; 赵道强编著:2009-4-23
艺术发展史 ; “艺术的故事” ; (英) 贡布里希著 ; 范景中译:2009-4-28
Wuthering Heights /:2009-4-5
外国文学 ; 人学蕴涵的发掘与寻思 ; 王诺著:2009-4-5
苏轼词 ; 刘石评注:2009-5-13
西方公民不服从的传统 ; = The tradition of the civil disobedience ; 何怀宏编:2009-5-13
哥伦比亚的倒影 ; 木心:2009-5-21
西方哲学史 ; 及其与从古代到现代的政治、社会情况的联系 ; 上卷 ; (英) 罗素著 ; 马元德译:2009-5-7
罗念生全集 ; 第五卷 ; 荷马史诗《伊利亚特》:2009-5-9
政治学说史 ; 上卷 ; (美) 乔治·萨拜因著 ; (美) 托马斯·索尔森修订 ; 邓正来译:2009-6-11
我为什么写作 ; (英) 乔治·奥威尔著 ; = A collection of essays ; George Orwell ; 刘沁秋, 赵勇译:2009-6-13
版面设计风暴 ; 赏析与实践 ; Adobe专家委员会, DDC传媒主编 ; 段炼编著:2009-6-19
成功出版完全指南 ; (美) 艾佛利·卡多佐著 ; = The complete guide to successful publishing ; Avery Cardoza ; 徐丽芳 ... [等] 译:2009-6-19
Subject and structure  an anthology for writers /:2009-6-29
文心雕龍注 ; 上 ; 劉勰著 ; 范文瀾註:2009-6-29
苇间风 ; = The wind among the reeds ; (爱尔兰) 叶芝著 ; 艾梅译:2009-6-3
胡适文集 ; 11 ; 胡适时论集 ; 欧阳哲生编:2009-7-13
中国现当代文学名篇十五讲 ; 陈思和著:2009-7-28
琼美卡随想录 ; 木心:2009-7-3
沈从文作品精选 ; 杨芳芳选编:2009-7-3
士与中国文化 ; 余英时著:2009-7-3
抽象的抒情 ; 沈从文著:2009-8-4
"杜甫秋兴八首集说 ; = Collected commentaries on Dufu's eight ""autumn meditation"" ; 叶嘉莹著":2009-8-4
生死场 ; 萧红著:2009-8-4
微观经济学 ; 现代观点 ; (美) 哈尔·R. 范里安著 ; 费方域等译:2009-9-1
经济学 ; 新兴古典与新古典框架 ; = Economics ; new classical versus neoclassical frameworks ; 杨小凯著 ; 张定胜, 张永生, 李利明译:2009-9-21
现代西方经济学习题指南 ; 微观经济学 ; 尹伯成主编:2009-9-22
不读胜读 ; 考研分类阅读 ; 袁昊主编:2009-9-26
英美诗歌名篇详注 ; 胡家峦编著:2009-9-26
黑格尔辩证法讲演录 ; = Lectures on Hegel's Dialectic ; 邓晓芒著:2009-9-29
微观经济学十八讲 ; 平新乔著:2009-9-3
倚天屠龙记 ; 叁:2009-9-3
价格理论及其应用 ; 决策、市场与信息 ; (美) 杰克·赫舒拉发, 阿米亥·格雷泽, 大卫·赫舒拉发著 ; 李俊慧, 周燕译:2009-9-7
An inquiry into the nature and causes of the wealth of nations /:2010-1-11
古文观止 ; 吴楚材等著选:2010-1-11
制浆造纸机械与设备 ; 上 ; 陈克复主编:2010-1-12
制浆造纸机械与设备 ; 下 ; 陈克复主编:2010-1-19
从设计到印刷InDesign CS 2 / CS 3平面设计师必读 ; 彭麒, 周燕华, 孙文顺编著:2010-1-20
写给大家看的设计书 ; = The non-designer's design book ; (美) Robin Williams著 ; 苏金国, 刘亮译:2010-1-20
历史决定论的贫困 ; (英) 卡尔·波普尔著 ; = the poverty of hostoricism ; Karl Popper ; 杜汝楫, 邱仁宗译:2010-1-22
罪与罚 ; Ф. М. Достоевский ; 岳麟译:2010-1-22
法文文法讲义 ; 宋亚克编著:2010-1-25
国际金融 ; 钱荣堃, 陈平, 马君潞主编:2010-1-7
国际贸易 ; = International trade ; 海闻, P. 林德特, 王新奎著:2010-1-7
现代金融体系 ; 货币、市场和金融机构 ; (美)乔治·考夫曼著 ; 陈平…等译:2010-1-7
楚辞选 ; 马茂元选注:2010-3-10
色彩管理 ; = Real world color management ; (美) Bruce Fraser, Chris Murphy, Fred Bunting著 ; 刘浩学, 梁炯, 武兵等译:2010-3-14
印刷工艺学 ; 刘昕编著:2010-3-5
纸张、油墨的性能与印刷适性 ; 陈永常主编:2010-3-5
